[
    {
      "ParameterKey": "AWSAccountId",
      "ParameterValue": "953614670341"
    },
    {
      "ParameterKey": "KeyName",
      "ParameterValue": "Admin-RDP"
    },
    {
      "ParameterKey": "WorkspacesSG",
      "ParameterValue": "sg-03273adda4c164c4a"
    },
    {
      "ParameterKey": "VpcId",
      "ParameterValue": "vpc-017e2ff381a623fae"
    },
    {
      "ParameterKey": "SubnetId",
      "ParameterValue": "subnet-0884089117aac73de, subnet-0a06ad8e3990b0367"
    },
    {
      "ParameterKey": "DesiredCapacity",
      "ParameterValue": "3"
    },
    {
      "ParameterKey": "MaxSize",
      "ParameterValue": "3"
    },
    {
      "ParameterKey": "InstanceType",
      "ParameterValue": "m5.4xlarge"
    },
    {
      "ParameterKey": "ESVersion",
      "ParameterValue": "6.5.4"
    },
    {
      "ParameterKey": "ESInstanceCount",
      "ParameterValue": "3"
    },
    {
      "ParameterKey": "KibanaInstanceCount",
      "ParameterValue": "1"
    }
  ]