{
    "AWSTemplateFormatVersion": "2010-09-09",
    "Description": "WorkSpaces Template",
    "Metadata": {
        "AWS::CloudFormation::Interface": {
            "ParameterGroups": [
                {
                    "Label": {
                        "default": "WorkSpace Configuration"
                    },
                    "Parameters": [
                        "Bundle",
                        "Directory",
                        "User"
                    ]
                }
            ],
            "ParameterLabels": {
                "Bundle": {
                    "default": "WorkSpace Bundle (wsb-8vbljg4r6)"
                },
                "Directory": {
                    "default": "WorkSpace Directory"
                },
                "User": {
                    "default": "WorkSpace Owner"
                }
            }
        }
    },
    "Parameters": {
        "Bundle": {
            "Type": "String",
            "Description": "Select the bundle that should be deployed",
            "Default": "wsb-xxxxx"
        },
        "Directory": {
            "Type": "String",
            "Description": "Enter the Directory ID for the WorkSpace (Directory Services or AD Connector)",
            "Default": "d-xxxxxx"
        },
        "User": {
            "Type": "String",
            "Description": "Enter the username who will use the WorkSpace",
            "ConstraintDescription": "user must be entered using lower case letters and numbers and a maximum of 20 characters"
        }
    },
    "Resources": {
        "WorkSpace": {
            "Type": "AWS::WorkSpaces::Workspace",
            "Properties": {
                "BundleId": {
                    "Ref": "Bundle"
                },
                "DirectoryId": {
                    "Ref": "Directory"
                },
                "UserName": {
                    "Ref": "User"
                }
            }
        }
    },
    "Outputs": {
        "WorkSpaceId": {
            "Description": "ID of the WorkSpaces",
            "Value": {
                "Ref": "WorkSpace"
            }
        }
    }
}