{
    "AWSTemplateFormatVersion": "2010-09-09",
    "Description": "DataScience Compute",
    "Parameters": {
        "SSHKeyName": {
            "Type": "AWS::EC2::KeyPair::KeyName",
            "Description": "SSH Key for the OpenVPN Instance",
            "ConstraintDescription": "Must be the name of an existing EC2 KeyPair.",
            "Default": "dsci-ec2-vm"
        },
        "ClientIPCIDR": {
            "Type": "String",
            "Default": "172.30.0.0/16"
        },
        "VPCID": {
          "Type": "String",
          "Default": "vpc-0cca459e37901fcda"
      },
        "AMI": {
          "Type": "String",
          "Default": "ami-08d1ad86b1c8269de"
      },
        "InstanceType": {
          "Type": "String",
          "Default": "t2.micro"
      },
        "PrivateSubnet": {
        "Type": "String",
        "Default": "subnet-0e1247c21f7849dce"
      }
    },
    "Resources": {
        "myEC2InstanceRole": {
            "Type": "AWS::IAM::Role",
            "Properties": {
                "AssumeRolePolicyDocument": {
                    "Version": "2012-10-17",
                    "Statement": [
                        {
                            "Effect": "Allow",
                            "Principal": {
                                "Service": [
                                    "ec2.amazonaws.com"
                                ]
                            },
                            "Action": [
                                "sts:AssumeRole"
                            ]
                        }
                    ]
                },
                "Path": "/"
            }
        },
        "ec2InstanceProfile": {
            "Type": "AWS::IAM::InstanceProfile",
            "Properties": {
                "Path": "/",
                "Roles": [
                    {
                        "Ref": "myEC2InstanceRole"
                    }
                ]
            }
        },
        "DsciComputeInstanceSG": {
            "Type": "AWS::EC2::SecurityGroup",
            "Properties": {
                "GroupDescription": "SG for DsciCompute",
                "VpcId": {
                  "Ref": "VPCID"
                },
                "SecurityGroupIngress": [
                    {
                        "IpProtocol": "tcp",
                        "FromPort": 22,
                        "ToPort": 22,
                        "CidrIp": {
                            "Ref": "ClientIPCIDR"
                        }
                    }
                ]
            }
        },
        "myNetworkInterface": {
            "Type": "AWS::EC2::NetworkInterface",
            "Properties": {
                "SubnetId":                     {
                  "Ref": "PrivateSubnet"
              },
                "Description": "Private Interface",
                "GroupSet": [
                    {
                        "Ref": "DsciComputeInstanceSG"
                    }
                ],
                "SourceDestCheck": false,
                "Tags": [
                    {
                        "Key": "Name",
                        "Value": "DsciCompute ENI"
                    }
                ]
            }
        },
        "EC2DsciComputeInstance": {
            "Type": "AWS::EC2::Instance",
            "Properties": {
                "ImageId": {
                  "Ref": "AMI"
              },
                "InstanceType": {
                  "Ref": "InstanceType"
              },
                "SourceDestCheck": false,
                "KeyName": {
                    "Ref": "SSHKeyName"
                },
                "NetworkInterfaces": [
                    {
                        "NetworkInterfaceId": {
                            "Ref": "myNetworkInterface"
                        },
                        "DeviceIndex": "0"
                    }
                ],
                "IamInstanceProfile": {
                    "Ref": "ec2InstanceProfile"
                },
                "Tags": [
                    {
                        "Key": "Name",
                        "Value": "DsciCompute"
                    }
                ]
            }
        }
    }
}