[
    {
      "ParameterKey": "SSHKeyName",
      "ParameterValue": "dsci-ec2-vm"
    },
    {
      "ParameterKey": "ClientIPCIDR",
      "ParameterValue": "172.30.0.0/16"
    },
    {
      "ParameterKey": "VPCID",
      "ParameterValue": "vpc-017e2ff381a623fae"
    },
    {
      "ParameterKey": "AMI",
      "ParameterValue": "ami-04a7a75e8c179cf39"
    },
    {
      "ParameterKey": "InstanceType",
      "ParameterValue": "t2.micro"
    },
    {
      "ParameterKey": "PrivateSubnet",
      "ParameterValue": "subnet-0884089117aac73de"
    }
  ]