{
    "AWSTemplateFormatVersion": "2010-09-09",
    "Transform": "AWS::Serverless-2016-10-31",
    "Parameters": {
        "BucketPrefix": {
            "Type": "String",
            "Description": "The prefix used for all S3 buckets.",
            "AllowedPattern": "[a-z-]+"
        }
    },
    "Resources": {
        "Assets": {
            "Type": "AWS::S3::Bucket",
            "Properties": {
                "BucketName": {
                    "Fn::Sub": "${BucketPrefix}-files"
                }
            }
        },
        "CustomRole": {
            "Type": "AWS::IAM::Role",
            "Properties": {
                "RoleName": {
                    "Fn::Sub": "${AWS::StackName}-CustomRole"
                },
                "Path": "/",
                "AssumeRolePolicyDocument": {
                    "Version": "2012-10-17",
                    "Statement": {
                        "Effect": "Allow",
                        "Principal": {
                          "AWS": {
                              "Ref": "AWS::AccountId"
                          }
                        },
                        "Action": "sts:AssumeRole",
                        "Condition": {"StringEquals": {"sts:ExternalId": {"Ref":"AWS::AccountId"}}
                        }
                      }
                },
                "Policies": [
                    {
                        "PolicyName": {
                            "Fn::Sub": "${AWS::StackName}-CustomRole"
                        },
                        "PolicyDocument": {
                            "Statement": [
                                {
                                    "Effect": "Allow",
                                    "Action": [
                                        "s3:PutObject",
                                        "s3:GetObject",
                                        "s3:PutObjectTagging"
                                    ],
                                    "Resource": [
                                        {
                                            "Fn::Join": [
                                                "",
                                                [
                                                    "arn:aws:s3:::",
                                                    {
                                                        "Ref": "BucketPrefix"
                                                    },
                                                    "-files",
                                                    "/*"
                                                ]
                                            ]
                                        }
                                    ]
                                }
                            ]
                        }
                    }
                ]
            }
        }
    }
}