{
    "AWSTemplateFormatVersion": "2010-09-09",
    "Description": "OpenVPN Stack",
    "Parameters": {
        "OpenVPNPort": {
            "Type": "Number",
            "Default": 1194,
            "Description": "OpenVPN port"
        },
        "PublicSubnet": {
            "Type": "String",
            "Default": "subnet-0e393500e4cac5f0c",
            "Description": "Existing Public Subnet"
        },
        "RouteTableId": {
            "Type": "String",
            "Default": "rtb-085890802d11a762d",
            "Description": "Existing Route Table"
        },
        "VpcId": {
            "Type": "String",
            "Default": "vpc-0cca459e37901fcda",
            "Description": "Existing VPC"
        },
        "OpenVPNProtocol": {
            "Type": "String",
            "Default": "udp",
            "AllowedValues": [
                "udp",
                "tcp"
            ],
            "Description": "OpenVPN Protocol"
        }
    },
    "Mappings": {
        "RegionMap": {
            "us-east-1": {
                "AMALINUX": "ami-8c1be5f6"
            },
            "us-east-2": {
                "AMALINUX": "ami-c5062ba0"
            },
            "us-west-1": {
                "AMALINUX": "ami-02eada62"
            },
            "us-west-2": {
                "AMALINUX": "ami-e689729e"
            },
            "ca-central-1": {
                "AMALINUX": "ami-fd55ec99"
            },
            "eu-west-1": {
                "AMALINUX": "ami-acd005d5"
            },
            "eu-central-1": {
                "AMALINUX": "ami-c7ee5ca8"
            },
            "eu-west-2": {
                "AMALINUX": "ami-1a7f6d7e"
            },
            "ap-southeast-1": {
                "AMALINUX": "ami-0797ea64"
            },
            "ap-southeast-2": {
                "AMALINUX": "ami-8536d6e7"
            },
            "ap-northeast-2": {
                "AMALINUX": "ami-9bec36f5"
            },
            "ap-northeast-1": {
                "AMALINUX": "ami-2a69be4c"
            },
            "ap-south-1": {
                "AMALINUX": "ami-4fc58420"
            },
            "sa-east-1": {
                "AMALINUX": "ami-f1344b9d"
            },
            "eu-west-3": {
                "AMALINUX": "ami-aad562d7"
            }
        }
    },
    "Resources": {
        "MyPublicSubnetRouteTableAssociation": {
            "Type": "AWS::EC2::SubnetRouteTableAssociation",
            "Properties": {
                "SubnetId": {
                    "Ref": "PublicSubnet"
                },
                "RouteTableId":{
                    "Ref": "RouteTableId"
                }
            }
        },
        "myEIP": {
            "Type": "AWS::EC2::EIP",
            "Properties": {
                "Domain": "vpc"
            }
        },
        "AssociateManagementAccessPort": {
            "Type": "AWS::EC2::EIPAssociation",
            "Properties": {
                "AllocationId": {
                    "Fn::GetAtt": [
                        "myEIP",
                        "AllocationId"
                    ]
                },
                "NetworkInterfaceId": {
                    "Ref": "controlIface"
                }
            }
        },
        "OpenVPNInstanceSG": {
            "Type": "AWS::EC2::SecurityGroup",
            "Properties": {
                "GroupDescription": "SG for OpenVPN Server",
                "VpcId": {
                    "Ref": "VpcId"
                },
                "SecurityGroupIngress": [
                    {
                        "IpProtocol": {
                            "Ref": "OpenVPNProtocol"
                        },
                        "FromPort": {
                            "Ref": "OpenVPNPort"
                        },
                        "ToPort": {
                            "Ref": "OpenVPNPort"
                        },
                        "CidrIp": "0.0.0.0/0"
                    }
                ]
            }
        },
        "myEC2InstanceRole": {
            "Type": "AWS::IAM::Role",
            "Properties": {
                "AssumeRolePolicyDocument": {
                    "Version": "2012-10-17",
                    "Statement": [
                        {
                            "Effect": "Allow",
                            "Principal": {
                                "Service": [
                                    "ec2.amazonaws.com"
                                ]
                            },
                            "Action": [
                                "sts:AssumeRole"
                            ]
                        }
                    ]
                },
                "Path": "/"
            }
        },
        "myAccessPolicy": {
            "Type": "AWS::IAM::Policy",
            "Properties": {
                "PolicyName": "myAccessPolicy",
                "PolicyDocument": {
                    "Version": "2012-10-17",
                    "Statement": [
                        {
                            "Action": [
                                "ec2:AssociateAddress",
                                "ec2:DescribeInstances"
                            ],
                            "Effect": "Allow",
                            "Resource": "*"
                        },
                        {
                            "Action": [
                                "s3:*"
                            ],
                            "Effect": "Allow",
                            "Resource": "*"
                        }
                    ]
                },
                "Roles": [
                    {
                        "Ref": "myEC2InstanceRole"
                    }
                ]
            }
        },
        "ec2InstanceProfile": {
            "Type": "AWS::IAM::InstanceProfile",
            "Properties": {
                "Path": "/",
                "Roles": [
                    {
                        "Ref": "myEC2InstanceRole"
                    }
                ]
            }
        },
        "controlIface": {
            "Type": "AWS::EC2::NetworkInterface",
            "Properties": {
                "SubnetId": {"Ref": "PublicSubnet"},
                "Description": "Management Interface",
                "GroupSet": [
                    {
                        "Ref": "OpenVPNInstanceSG"
                    }
                ],
                "SourceDestCheck": true,
                "Tags": [
                    {
                        "Key": "Network",
                        "Value": "Management"
                    }
                ]
            }
        },
        "sandboxVPNBucket": {
            "Type": "AWS::S3::Bucket",
            "Properties": {
                "AccessControl": "Private"
            }
        },
        "EC2OpenVPNInstance": {
            "Type": "AWS::EC2::Instance",
            "Properties": {
                "ImageId": {
                    "Fn::FindInMap": [
                        "RegionMap",
                        {
                            "Ref": "AWS::Region"
                        },
                        "AMALINUX"
                    ]
                },
                "InstanceType": "t2.micro",
                "SourceDestCheck": false,
                "NetworkInterfaces": [
                    {
                        "NetworkInterfaceId": {
                            "Ref": "controlIface"
                        },
                        "DeviceIndex": 0
                    }
                ],
                "IamInstanceProfile": {
                    "Ref": "ec2InstanceProfile"
                },
                "Tags": [
                    {
                        "Key": "Name",
                        "Value": "OpenVPN Server"
                    }
                ],
                "UserData": {
                    "Fn::Base64": {
                        "Fn::Sub": "#!/bin/bash\nyum update -y aws-cfn-bootstrap\n/opt/aws/bin/cfn-init -v --stack ${AWS::StackName} --resource EC2OpenVPNInstance --configsets easyrsa --region ${AWS::Region}\nyum -y update\n/opt/aws/bin/cfn-signal -e $? --stack ${AWS::StackName} --resource EC2OpenVPNInstance --region ${AWS::Region}\n"
                    }
                }
            },
            "CreationPolicy": {
                "ResourceSignal": {
                    "Count": "1",
                    "Timeout": "PT10M"
                }
            },
            "Metadata": {
                "AWS::CloudFormation::Init": {
                    "configSets": {
                        "easyrsa": [
                            "configure_cfn",
                            "install_software",
                            "generate_secrets",
                            "generate_client",
                            "configure_server",
                            "upload_files"
                        ]
                    },
                    "configure_cfn": {
                        "files": {
                            "/etc/cfn/hooks.d/cfn-auto-reloader.conf": {
                                "content": {
                                    "Fn::Sub": "[cfn-auto-reloader-hook]\ntriggers=post.update\npath=Resources.EC2OpenVPNInstance.Metadata.AWS::CloudFormation::Init\naction=/opt/aws/bin/cfn-init -v --stack ${AWS::StackName} --resource EC2OpenVPNInstance --configsets easyrsa --region ${AWS::Region}\n"
                                },
                                "mode": "000400",
                                "owner": "root",
                                "group": "root"
                            },
                            "/etc/cfn/cfn-hup.conf": {
                                "content": {
                                    "Fn::Sub": "[main]\nstack=${AWS::StackId}\nregion=${AWS::Region}\nverbose=true\ninterval=1\n"
                                },
                                "mode": "000400",
                                "owner": "root",
                                "group": "root"
                            }
                        },
                        "services": {
                            "sysvinit": {
                                "cfn-hup": {
                                    "enabled": "true",
                                    "ensureRunning": "true",
                                    "files": [
                                        "/etc/cfn/cfn-hup.conf",
                                        "/etc/cfn/hooks.d/cfn-auto-reloader.conf"
                                    ]
                                }
                            }
                        }
                    },
                    "install_software": {
                        "packages": {
                            "yum": {
                                "openvpn": []
                            }
                        },
                        "commands": {
                            "01_install_software_install_easyrsa": {
                                "command": "wget -qO- https://github.com/OpenVPN/easy-rsa/releases/download/2.2.2/EasyRSA-2.2.2.tgz | tar xvz -C /opt/"
                            },
                            "02_install_software_copy_easyrsa": {
                                "command": "cp -R /opt/EasyRSA-2.2.2 /opt/easy-rsa"
                            }
                        }
                    },
                    "generate_secrets": {
                        "commands": {
                            "01_generate_secrets_clean_keysdir": {
                                "cwd": "/opt/easy-rsa",
                                "test": "test -e /opt/easy-rsa/clean-all",
                                "command": "source /opt/easy-rsa/vars;/opt/easy-rsa/clean-all"
                            },
                            "02_generate_secrets_update_build-ca": {
                                "cwd": "/opt/easy-rsa",
                                "test": "test -e /opt/easy-rsa/build-ca",
                                "command": {
                                    "Fn::Sub": "sed -i 's/--interact//g' /opt/easy-rsa/build-ca\n"
                                }
                            },
                            "03_generate_secrets_run_build-ca": {
                                "cwd": "/opt/easy-rsa",
                                "test": "test -e /opt/easy-rsa/build-ca",
                                "command": "source /opt/easy-rsa/vars;/opt/easy-rsa/build-ca"
                            },
                            "04_generate_secrets_run_build-dh": {
                                "cwd": "/opt/easy-rsa",
                                "test": "test -e /opt/easy-rsa/build-dh",
                                "command": "source /opt/easy-rsa/vars;/opt/easy-rsa/build-dh"
                            },
                            "05_generate_secrets_update_build-key-server": {
                                "cwd": "/opt/easy-rsa",
                                "test": "test -e /opt/easy-rsa/build-key-server",
                                "command": {
                                    "Fn::Sub": "sed -i 's/--interact//g' /opt/easy-rsa/build-key-server\n"
                                }
                            },
                            "06_generate_secrets_run_build-key-server": {
                                "cwd": "/opt/easy-rsa",
                                "test": "test -e /opt/easy-rsa/build-key-server",
                                "command": "source /opt/easy-rsa/vars;/opt/easy-rsa/build-key-server server"
                            },
                            "07_generate_secrets_statictlssecret": {
                                "cwd": "/opt/easy-rsa/keys",
                                "command": "openvpn --genkey --secret statictlssecret.key"
                            }
                        }
                    },
                    "generate_client": {
                        "files": {
                            "/opt/easy-rsa/openvpn_client.conf": {
                                "content": {
                                    "Fn::Sub": "client\ndev tun\nproto ${OpenVPNProtocol}\nremote ${myEIP} ${OpenVPNPort}\nca ca.crt\ncert clientuser.crt\nkey clientuser.key\ntls-client\ntls-auth statictlssecret.key 1\ntls-version-min 1.2\ntls-cipher TLS-ECDHE-RSA-WITH-AES-128-GCM-SHA256:TLS-ECDHE-ECDSA-WITH-AES-128-GCM-SHA256:TLS-ECDHE-RSA-WITH-AES-256-GCM-SHA384:TLS-DHE-RSA-WITH-AES-256-CBC-SHA256\ncipher AES-256-CBC\nauth SHA512\nresolv-retry infinite\nauth-retry none\nnobind\npersist-key\npersist-tun\nns-cert-type server\ncomp-lzo\nverb 3\n"
                                },
                                "mode": "000700",
                                "owner": "root",
                                "group": "root"
                            },
                            "/opt/easy-rsa/gen_ovpn_profile.sh": {
                                "content": {
                                    "Fn::Sub": "(cat /opt/easy-rsa/openvpn_client.conf\necho '<key>'\ncat keys/clientuser.key\necho '</key>'\necho '<cert>'\ncat keys/clientuser.crt\necho '</cert>'\necho '<ca>'\ncat keys/ca.crt\necho '</ca>'\n) > /opt/easy-rsa/keys/openvpn_clientuser.ovpn\n"
                                },
                                "mode": "000700",
                                "owner": "root",
                                "group": "root"
                            }
                        },
                        "commands": {
                            "01_generate_client_update_build-key": {
                                "cwd": "/opt/easy-rsa",
                                "test": "test -e /opt/easy-rsa/build-key",
                                "command": {
                                    "Fn::Sub": "sed -i 's/--interact//g' /opt/easy-rsa/build-key\n"
                                }
                            },
                            "02_generate_client_run_build-key": {
                                "cwd": "/opt/easy-rsa",
                                "test": "test -e /opt/easy-rsa/build-key",
                                "command": "source /opt/easy-rsa/vars;/opt/easy-rsa/build-key clientuser"
                            },
                            "03_generate_client_generate_ovpn_profile": {
                                "cwd": "/opt/easy-rsa",
                                "test": "test -e /opt/easy-rsa/gen_ovpn_profile.sh",
                                "command": "/opt/easy-rsa/gen_ovpn_profile.sh"
                            }
                        }
                    },
                    "configure_server": {
                        "files": {
                            "/opt/openvpn/server.conf": {
                                "content": {
                                    "Fn::Sub": "port ${OpenVPNPort}\nproto ${OpenVPNProtocol}\ndev tun\nserver 172.16.0.0 255.255.252.0\npush \"redirect-gateway def1\"\nca /opt/easy-rsa/keys/ca.crt\ncert /opt/easy-rsa/keys/server.crt\nkey /opt/easy-rsa/keys/server.key\ndh /opt/easy-rsa/keys/dh2048.pem\ntls-server\ntls-auth /opt/easy-rsa/keys/statictlssecret.key 0\ntls-version-min 1.2\ntls-cipher TLS-ECDHE-RSA-WITH-AES-128-GCM-SHA256:TLS-ECDHE-ECDSA-WITH-AES-128-GCM-SHA256:TLS-ECDHE-RSA-WITH-AES-256-GCM-SHA384:TLS-DHE-RSA-WITH-AES-256-CBC-SHA256\ncipher AES-256-CBC\nauth SHA512\nifconfig-pool-persist ipp.txt\nkeepalive 10 120\nping-timer-rem\ncomp-lzo\npersist-key\npersist-tun\nstatus openvpn-status.log\nlog-append /var/log/openvpn.log\nverb 3\nmax-clients 100\nuser nobody\ngroup nobody\n"
                                },
                                "mode": "000644",
                                "owner": "root",
                                "group": "root"
                            }
                        },
                        "commands": {
                            "01_configure_server_sysctl_ipforward": {
                                "command": "echo \"net.ipv4.ip_forward = 1\" >> /etc/sysctl.conf"
                            },
                            "02_configure_server_sysctl_reload": {
                                "command": "sysctl -p"
                            },
                            "03_configure_server_iptables_nat": {
                                "command": "iptables -t nat -A POSTROUTING -s 172.16.0.0/22 -o eth0 -j MASQUERADE"
                            },
                            "04_configure_server_update_config": {
                                "command": "cp -rf /opt/openvpn/server.conf /etc/openvpn/server.conf"
                            },
                            "05_configure_server_openvpn_start": {
                                "command": "service openvpn start"
                            }
                        }
                    },
                    "upload_files": {
                        "commands": {
                            "01_upload_files_zipfiles": {
                                "cwd": "/opt/easy-rsa/keys",
                                "command": "zip openVPNClientFiles.zip ca.crt statictlssecret.key clientuser.key clientuser.crt openvpn_clientuser.ovpn"
                            },
                            "02_upload_files_s3cp_openVPNClientFiles": {
                                "cwd": "/opt/easy-rsa/keys",
                                "command": {
                                    "Fn::Sub": "aws s3 cp openVPNClientFiles.zip s3://${sandboxVPNBucket}/client/openVPNClientFiles.zip\n"
                                }
                            },
                            "03_upload_files_s3cp_cfn_init_log": {
                                "cwd": "/var/log",
                                "test": "test -e /var/log/cfn-init.log",
                                "command": {
                                    "Fn::Sub": "aws s3 cp /var/log/cfn-init.log s3://${sandboxVPNBucket}/log/genSecrets_cfn-init.log\n"
                                }
                            }
                        }
                    }
                }
            }
        },
        "EmptyS3BucketExecutionRole": {
            "Type": "AWS::IAM::Role",
            "Properties": {
                "AssumeRolePolicyDocument": {
                    "Version": "2012-10-17",
                    "Statement": [
                        {
                            "Effect": "Allow",
                            "Principal": {
                                "Service": [
                                    "lambda.amazonaws.com"
                                ]
                            },
                            "Action": [
                                "sts:AssumeRole"
                            ]
                        }
                    ]
                },
                "Path": "/"
            }
        },
        "EmptyS3BucketExecutionPolicy": {
            "DependsOn": [
                "EmptyS3BucketExecutionRole"
            ],
            "Type": "AWS::IAM::Policy",
            "Properties": {
                "PolicyName": "EmptyS3BucketLogsRolePolicy",
                "Roles": [
                    {
                        "Ref": "EmptyS3BucketExecutionRole"
                    }
                ],
                "PolicyDocument": {
                    "Version": "2012-10-17",
                    "Statement": [
                        {
                            "Effect": "Allow",
                            "Action": [
                                "logs:*"
                            ],
                            "Resource": [
                                "arn:aws:logs:*:*:*"
                            ]
                        },
                        {
                            "Effect": "Allow",
                            "Action": [
                                "s3:*"
                            ],
                            "Resource": [
                                "*"
                            ]
                        }
                    ]
                }
            }
        },
        "EmptyS3BucketLambda": {
            "Type": "AWS::Lambda::Function",
            "DependsOn": [
                "EmptyS3BucketExecutionRole",
                "EmptyS3BucketExecutionPolicy"
            ],
            "Properties": {
                "Timeout": 60,
                "Handler": "index.handler",
                "Runtime": "nodejs12.x",
                "MemorySize": 128,
                "Code": {
                    "ZipFile": {
                        "Fn::Sub": "'use strict';\nexports.handler = (event, context) => {\n    console.log(JSON.stringify(event));\n    var responseObject = {};\n    responseObject.event = event;\n    responseObject.context = context;\n    if (event.RequestType == \"Delete\") {\n        console.log(\"Handle Delete Event\");\n        var AWS = require('aws-sdk');\n        var s3Client = new AWS.S3();\n        clearBucket(s3Client, event.ResourceProperties.S3BucketName, responseObject);\n    } else {\n        console.log(\"Handle Create Event\");\n        sendResponse(responseObject);\n    }\n};\nfunction sendResponse(responseObject) {\n    var cfnResponse = require('cfn-response');\n    cfnResponse.send(responseObject.event, responseObject.context, cfnResponse.SUCCESS);\n}\nfunction deleteBucket(s3Client, bucket, responseObject) {\n    s3Client.deleteBucket({\n        Bucket: bucket\n    }, function(err, data) {\n        if (err) {\n            console.log(err, err.stack);\n        } else {\n            console.log(data);\n        }\n        sendResponse(responseObject);\n    });\n}\nfunction clearBucket(s3Client, bucket, responseObject) {\n    s3Client.listObjects({\n        Bucket: bucket\n    }, function(err, data) {\n        if (err) {\n            console.log(\"error listing bucket objects \" + err);\n            return;\n        }\n        var items = data.Contents;\n        for (var i = 0; i < items.length; i += 1) {\n            var deleteParams = {\n                Bucket: bucket,\n                Key: items[i].Key\n            };\n            deleteObject(s3Client, deleteParams);\n        }\n    });\n    setTimeout(function() {\n        deleteBucket(s3Client, bucket, responseObject);\n    }, 10000);\n}\nfunction deleteObject(s3Client, deleteParams) {\n    s3Client.deleteObject(deleteParams, function(err, data) {\n        if (err) {\n            console.log(\"Error Deleting Object: \" + deleteParams.Key);\n        } else {\n          console.log(\"Deleted Object: \" + deleteParams.Key);\n        }\n    });\n}\n"
                    }
                },
                "Role": {
                    "Fn::GetAtt": [
                        "EmptyS3BucketExecutionRole",
                        "Arn"
                    ]
                }
            }
        },
        "EmptyS3BucketAction": {
            "Type": "Custom::EmptyS3BucketAction",
            "Properties": {
                "ServiceToken": {
                    "Fn::GetAtt": [
                        "EmptyS3BucketLambda",
                        "Arn"
                    ]
                },
                "Region": {
                    "Ref": "AWS::Region"
                },
                "S3BucketName": {
                    "Ref": "sandboxVPNBucket"
                }
            }
        }
    },
    "Outputs": {
        "bucketName": {
            "Description": "UUID for the S3 bucket",
            "Value": {
                "Ref": "sandboxVPNBucket"
            }
        },
        "eip": {
            "Description": "Instance EIP",
            "Value": {
                "Ref": "myEIP"
            }
        }
    }
}