[
    {
      "ParameterKey": "InstanceType",
      "ParameterValue": "t2.small"
    },
    {
      "ParameterKey": "SourceCidrForRDP",
      "ParameterValue": "xxx.xxx.xxx.xxx/32"
    },
    {
      "ParameterKey": "PublicSubnet",
      "ParameterValue": "subnet-0dfd03d04ad643b99"
    },
    {
      "ParameterKey": "VPC",
      "ParameterValue": "vpc-017e2ff381a623fae"
    },
    {
      "ParameterKey": "ADDirectoryId",
      "ParameterValue": "d-97671ee3cf"
    },
    {
      "ParameterKey": "ADDirectoryName",
      "ParameterValue": "corp.crc-sandbox.com"
    },
    {
      "ParameterKey": "ADDnsIpAddresses1",
      "ParameterValue": "172.30.2.182"
    },
    {
      "ParameterKey": "ADDnsIpAddresses2",
      "ParameterValue": "172.30.1.71"
    }
  ]