{
    "AWSTemplateFormatVersion": "2010-09-09",
    "Description": "Admin VM for managing AWS Simple Directory Service",
    "Parameters": {
        "InstanceType": {
            "Description": "Amazon EC2 instance type",
            "Type": "String",
            "Default": "t2.small",
            "AllowedValues": [
                "t2.micro",
                "t2.small"
            ],
            "ConstraintDescription": "must be a valid EC2 instance type."
        },
        "Roles": {
            "Description": "A SPACE seperated list of roles that you want to enable on this instance. Valid values are AD-Certificate, AD-Domain-Services, ADLDS, DHCP, DNS, Fax, File-Services, NPAS, Print-Services, Web-Server, and WDS.",
            "Type": "String",
            "Default": "None",
            "AllowedPattern": "(((AD\\-Certificate)|(AD\\-Domain\\-Services)|(ADLDS)|(DHCP)|(DNS)|(Fax)|(File\\-Services)|(NPAS)|(Print\\-Services)|(Web\\-Server)|(WDS))( ((AD\\-Certificate)|(AD\\-Domain\\-Services)|(ADLDS)|(DHCP)|(DNS)|(Fax)|(File\\-Services)|(NPAS)|(Print\\-Services)|(Web\\-Server)|(WDS)))*)|(None)"
        },
        "Features": {
            "Description": "A SPACE seperated list of features that you want to enable on this instance.",
            "Type": "String",
            "Default": "RSAT",
            "AllowedPattern": "(((RSAT)|(NET\\-Framework)|(BITS)|(BitLocker)|(BranchCache)|(CMAK)|(Desktop\\-Experience)|(DAMC)|(Failover\\-Clustering)|(GPMC)|(Ink\\-Handwriting)|(Internet\\-Print\\-Client)|(ISNS)|(LPR\\-Port\\-Monitor)|(MSMQ)|(Multipath\\-IO)|(NLB)|(PNRP)|(qWave)|(Remote\\-Assistance)|(RDC)|(RPC\\-over\\-HTTP\\-Proxy)|(Simple\\-TCPIP)|(SMTP\\-Server)|(SNMP\\-Services)|(Storage\\-Mgr\\-SANS)|(Subsystem\\-UNIX\\-Apps)|(Telnet\\-Client)|(Telnet\\-Server)|(TFTP\\-Client)|(Biometric\\-Framework)|(Windows\\-Internal\\-DB)|(PowerShell\\-ISE)|(Backup\\-Features)|(Migration)|(WSRM)|(TIFF\\-IFilter)|(WinRM\\-IIS\\-Ext)|(WINS\\-Server)|(Wireless\\-Networking)|(XPS\\-Viewer))( ((NET\\-Framework)|(BITS)|(BitLocker)|(BranchCache)|(CMAK)|(Desktop\\-Experience)|(DAMC)|(Failover\\-Clustering)|(GPMC)|(Ink\\-Handwriting)|(Internet\\-Print\\-Client)|(ISNS)|(LPR\\-Port\\-Monitor)|(MSMQ)|(Multipath\\-IO)|(NLB)|(PNRP)|(qWave)|(Remote\\-Assistance)|(RDC)|(RPC\\-over\\-HTTP\\-Proxy)|(Simple\\-TCPIP)|(SMTP\\-Server)|(SNMP\\-Services)|(Storage\\-Mgr\\-SANS)|(Subsystem\\-UNIX\\-Apps)|(Telnet\\-Client)|(Telnet\\-Server)|(TFTP\\-Client)|(Biometric\\-Framework)|(Windows\\-Internal\\-DB)|(PowerShell\\-ISE)|(Backup\\-Features)|(Migration)|(WSRM)|(TIFF\\-IFilter)|(WinRM\\-IIS\\-Ext)|(WINS\\-Server)|(Wireless\\-Networking)|(XPS\\-Viewer)))*( )*)|(None)"
        },
        "SourceCidrForRDP": {
            "Description": "IP Cidr from which you are likely to RDP into the instances. You can add rules later by modifying the created security groups e.g. 54.32.98.160/32",
            "Type": "String",
            "MinLength": "9",
            "MaxLength": "18",
            "AllowedPattern": "^([0-9]+\\.){3}[0-9]+\\/[0-9]+$",
            "Default": "104.210.65.79/32"
        },
        "PublicSubnet": {
            "Type": "AWS::EC2::Subnet::Id",
            "Description": "Subnet to place instance in (PubSubnetNATa or PubSubnetNATb)",
            "Default": "subnet-0132d4aef87afbc84"
        },
        "VPC": {
            "Type": "AWS::EC2::VPC::Id",
            "Description": "VPC to place instance in (workspaces-vpc)",
            "Default": "vpc-0ebf8cea71b7cbb9e"
        },
        "ADDirectoryId": {
            "Type": "String",
            "Description": "Active DirectoryId. Eg. d-12345679a",
            "Default": "d-97671f9085"
        },
        "ADDirectoryName": {
            "Type": "String",
            "Description": "Active Directory Name. Eg. my.ad.com",
            "Default": "corp.crc-sandbox.com"
        },
        "ADDnsIpAddresses1": {
            "Type": "String",
            "Description": "Active Directory DNS 1. Eg. 172.30.2.195"
        },
        "ADDnsIpAddresses2": {
            "Type": "String",
            "Description": "Active Directory DNS 2. Eg. 172.30.1.196"
        }
    },
    "Mappings": {
        "AWSRegion2AMI": {
            "ap-southeast-2": {
                "Windows2008r2": "ami-0e17bfe822c550bff",
                "Windows2012r2": "ami-0a1c4ca298cf1cfd0"
            }
        }
    },
    "Resources": {
        "myssmdocument": {
            "Type": "AWS::SSM::Document",
            "Properties": {
                "Content": {
                    "schemaVersion": "1.2",
                    "description": "Join instances to an AWS Directory Service domain.",
                    "parameters": {
                        "directoryId": {
                            "type": "String",
                            "description": "(Required) The ID of the AWS Directory Service directory."
                        },
                        "directoryName": {
                            "type": "String",
                            "description": "(Required) The name of the directory; for example, test.example.com"
                        },
                        "dnsIpAddresses": {
                            "type": "StringList",
                            "default": [],
                            "description": "(Optional) The IP addresses of the DNS servers in the directory. Required when DHCP is not configured. Learn more at http://docs.aws.amazon.com/directoryservice/latest/simple-ad/join_get_dns_addresses.html",
                            "allowedPattern": "((25[0-5]|2[0-4][0-9]|[01]?[0-9][0-9]?)\\.){3}(25[0-5]|2[0-4][0-9]|[01]?[0-9][0-9]?)"
                        }
                    },
                    "runtimeConfig": {
                        "aws:domainJoin": {
                            "properties": {
                                "directoryId": "{{ directoryId }}",
                                "directoryName": "{{ directoryName }}",
                                "dnsIpAddresses": "{{ dnsIpAddresses }}"
                            }
                        }
                    }
                }
            }
        },
        "WindowsServer": {
            "Type": "AWS::EC2::Instance",
            "Metadata": {
                "AWS::CloudFormation::Init": {
                    "config": {
                        "files": {
                            "c:\\cfn\\cfn-hup.conf": {
                                "content": {
                                    "Fn::Join": [
                                        "",
                                        [
                                            "[main]\n",
                                            "stack=",
                                            {
                                                "Ref": "AWS::StackId"
                                            },
                                            "\n",
                                            "region=",
                                            {
                                                "Ref": "AWS::Region"
                                            },
                                            "\n"
                                        ]
                                    ]
                                }
                            },
                            "c:\\cfn\\hooks.d\\cfn-auto-reloader.conf": {
                                "content": {
                                    "Fn::Join": [
                                        "",
                                        [
                                            "[cfn-auto-reloader-hook]\n",
                                            "triggers=post.update",
                                            "path=Resources.WindowsServer.Metadata.AWS::CloudFormation::Init",
                                            "action=cfn-init.exe -v -s ",
                                            {
                                                "Ref": "AWS::StackId"
                                            },
                                            " -r WindowsServer",
                                            " --region ",
                                            {
                                                "Ref": "AWS::Region"
                                            },
                                            "\n"
                                        ]
                                    ]
                                }
                            }
                        },
                        "commands": {
                            "1-install-prereqs1": {
                                "command": "powershell.exe -Command \"Install-WindowsFeature RSAT-ADDS-Tools; \"",
                                "waitAfterCompletion": "0"
                            },
                            "2-install-prereqs2": {
                                "command": "powershell.exe -Command \"Install-WindowsFeature RSAT-DNS-Server; \"",
                                "waitAfterCompletion": "0"
                            },
                            "3-signal-success": {
                                "command": {
                                    "Fn::Join": [
                                        "",
                                        [
                                            "cfn-signal.exe -e %ERRORLEVEL% \"",
                                            {
                                                "Fn::Base64": {
                                                    "Ref": "WindowsServerWaitHandle"
                                                }
                                            },
                                            "\""
                                        ]
                                    ]
                                }
                            }
                        },
                        "services": {
                            "windows": {
                                "cfn-hup": {
                                    "enabled": "true",
                                    "ensureRunning": "true",
                                    "files": [
                                        "c:\\cfn\\cfn-hup.conf",
                                        "c:\\cfn\\hooks.d\\cfn-auto-reloader.conf"
                                    ]
                                }
                            }
                        }
                    }
                }
            },
            "Properties": {
                "IamInstanceProfile": {
                    "Ref": "myInstanceProfile"
                },
                "SsmAssociations": [
                    {
                        "DocumentName": {
                            "Ref": "myssmdocument"
                        },
                        "AssociationParameters": [
                            {
                                "Key": "directoryId",
                                "Value": [
                                    {
                                        "Ref": "ADDirectoryId"
                                    }
                                ]
                            },
                            {
                                "Key": "directoryName",
                                "Value": [
                                    {
                                        "Ref": "ADDirectoryName"
                                    }
                                ]
                            },
                            {
                                "Key": "dnsIpAddresses",
                                "Value": [
                                    {
                                        "Ref": "ADDnsIpAddresses1"
                                    },
                                    {
                                        "Ref": "ADDnsIpAddresses2"
                                    }
                                ]
                            }
                        ]
                    }
                ],
                "ImageId": {
                    "Fn::FindInMap": [
                        "AWSRegion2AMI",
                        {
                            "Ref": "AWS::Region"
                        },
                        "Windows2012r2"
                    ]
                },
                "UserData": {
                    "Fn::Base64": {
                        "Fn::Join": [
                            "",
                            [
                                "<script>\n",
                                "cfn-init.exe -v -s ",
                                {
                                    "Ref": "AWS::StackId"
                                },
                                " -r WindowsServer",
                                " --region ",
                                {
                                    "Ref": "AWS::Region"
                                },
                                "\n",
                                "</script>"
                            ]
                        ]
                    }
                },
                "InstanceType": {
                    "Ref": "InstanceType"
                },
                "Tags": [
                    {
                        "Key": "Name",
                        "Value": "AWSWorkspace-AdminVM"
                    }
                ],
                "SubnetId": {
                    "Ref": "PublicSubnet"
                },
                "SecurityGroupIds": [
                    {
                        "Fn::GetAtt": [
                            "InstanceSecurityGroup",
                            "GroupId"
                        ]
                    }
                ]
            }
        },
        "WindowsServerWaitHandle": {
            "Type": "AWS::CloudFormation::WaitConditionHandle"
        },
        "WindowsServerWaitCondition": {
            "Type": "AWS::CloudFormation::WaitCondition",
            "DependsOn": "WindowsServer",
            "Properties": {
                "Handle": {
                    "Ref": "WindowsServerWaitHandle"
                },
                "Timeout": "1800"
            }
        },
        "myInstanceProfile": {
            "Type": "AWS::IAM::InstanceProfile",
            "Properties": {
                "Roles": [
                    "DemoEC2SSMRole"
                ],
                "InstanceProfileName": "myEC2SSMRole"
            }
        },
        "myEC2SSMRole": {
            "Type": "AWS::IAM::Role",
            "Properties": {
                "AssumeRolePolicyDocument": {
                    "Version": "2012-10-17",
                    "Statement": [
                        {
                            "Effect": "Allow",
                            "Principal": {
                                "Service": [
                                    "ec2.amazonaws.com"
                                ]
                            },
                            "Action": [
                                "sts:AssumeRole"
                            ]
                        }
                    ]
                },
                "ManagedPolicyArns": [
                    "arn:aws:iam::aws:policy/service-role/AmazonEC2RoleforSSM"
                ],
                "RoleName": "DemoEC2SSMRole"
            }
        },
        "InstanceSecurityGroup": {
            "Type": "AWS::EC2::SecurityGroup",
            "Properties": {
                "GroupDescription": "Allow http to client host",
                "VpcId": {
                    "Ref": "VPC"
                },
                "SecurityGroupIngress": [
                    {
                        "IpProtocol": "tcp",
                        "FromPort": "3389",
                        "ToPort": "3389",
                        "CidrIp": {
                            "Ref": "SourceCidrForRDP"
                        }
                    }
                ]
            }
        },
        "IPAddress": {
            "Type": "AWS::EC2::EIP"
        },
        "IPAssoc": {
            "Type": "AWS::EC2::EIPAssociation",
            "Properties": {
                "InstanceId": {
                    "Ref": "WindowsServer"
                },
                "EIP": {
                    "Ref": "IPAddress"
                }
            }
        }
    },
    "Outputs": {
        "RolesEnabled": {
            "Value": {
                "Ref": "Roles"
            },
            "Description": "Roles enabled on this instance."
        }
    }
}