{
    "AWSTemplateFormatVersion": "2010-09-09",
    "Description": "AWS resources required for WorkSpaces service",
    "Parameters": {
        "ADName": {
            "Description": "AWS managed Directory Name",
            "Type": "String",
            "Default": "corp.crc-sandbox.com"
        },
        "DirAdmninPass": {
            "NoEcho": true,
            "Description": "AD Admin Password (must not contain the word admin, and include three of these four categories lowercase, uppercase, numeric, and special characters)",
            "Type": "String",
            "MinLength": 8,
            "MaxLength": 64
        },
        "VPCCIDRBlock": {
            "Type": "String",
            "Default": "172.30.0.0/16"
        },
        "PubSubnetA": {
            "Type": "String",
            "Default": "172.30.254.0/24"
        },
        "PubSubnetB": {
            "Type": "String",
            "Default": "172.30.255.0/24"
        },
        "PriSubnetA": {
            "Type": "String",
            "Default": "172.30.1.0/24"
        },
        "PriSubnetB": {
            "Type": "String",
            "Default": "172.30.2.0/24"
        }
    },
    "Resources": {
        "AttachGateway": {
            "Properties": {
                "InternetGatewayId": {
                    "Ref": "InternetGateway"
                },
                "VpcId": {
                    "Ref": "VPC"
                }
            },
            "Type": "AWS::EC2::VPCGatewayAttachment"
        },
        "InternetGateway": {
            "Properties": {
                "Tags": [
                    {
                        "Key": "Application",
                        "Value": {
                            "Ref": "AWS::StackId"
                        }
                    },
                    {
                        "Key": "Name",
                        "Value": "workspaces-ig"
                    }
                ]
            },
            "Type": "AWS::EC2::InternetGateway"
        },
        "MainRouteTable": {
            "Properties": {
                "Tags": [
                    {
                        "Key": "Application",
                        "Value": {
                            "Ref": "AWS::StackId"
                        }
                    },
                    {
                        "Key": "Name",
                        "Value": "workspaces-PublicRouteTable-Main"
                    }
                ],
                "VpcId": {
                    "Ref": "VPC"
                }
            },
            "Type": "AWS::EC2::RouteTable"
        },
        "NATRoutePriSubnet1a": {
            "DependsOn": "NATa",
            "Properties": {
                "DestinationCidrBlock": "0.0.0.0/0",
                "NatGatewayId": {
                    "Ref": "NATa"
                },
                "RouteTableId": {
                    "Ref": "PrivateRouteTablePriSubnet1a"
                }
            },
            "Type": "AWS::EC2::Route"
        },
        "NATRoutePriSubnet1b": {
            "DependsOn": "NATb",
            "Properties": {
                "DestinationCidrBlock": "0.0.0.0/0",
                "NatGatewayId": {
                    "Ref": "NATb"
                },
                "RouteTableId": {
                    "Ref": "PrivateRouteTablePriSubnet1b"
                }
            },
            "Type": "AWS::EC2::Route"
        },
        "NATa": {
            "Properties": {
                "AllocationId": {
                    "Fn::GetAtt": [
                        "NatEipa",
                        "AllocationId"
                    ]
                },
                "SubnetId": {
                    "Ref": "PubSubnetNATa"
                },
                "Tags": [
                    {
                        "Key": "Application",
                        "Value": {
                            "Ref": "AWS::StackId"
                        }
                    },
                    {
                        "Key": "Name",
                        "Value": "workspaces-NATa"
                    }
                ]
            },
            "Type": "AWS::EC2::NatGateway"
        },
        "NATb": {
            "Properties": {
                "AllocationId": {
                    "Fn::GetAtt": [
                        "NatEipb",
                        "AllocationId"
                    ]
                },
                "SubnetId": {
                    "Ref": "PubSubnetNATb"
                },
                "Tags": [
                    {
                        "Key": "Application",
                        "Value": {
                            "Ref": "AWS::StackId"
                        }
                    },
                    {
                        "Key": "Name",
                        "Value": "workspaces-NATb"
                    }
                ]
            },
            "Type": "AWS::EC2::NatGateway"
        },
        "NatEipa": {
            "Properties": {
                "Domain": "vpc"
            },
            "Type": "AWS::EC2::EIP"
        },
        "NatEipb": {
            "Properties": {
                "Domain": "vpc"
            },
            "Type": "AWS::EC2::EIP"
        },
        "PriSubnet1a": {
            "Properties": {
                "AvailabilityZone": {
                    "Fn::Sub": "${AWS::Region}a"
                },
                "CidrBlock": {
                    "Ref": "PriSubnetA"
                },
                "Tags": [
                    {
                        "Key": "Application",
                        "Value": {
                            "Ref": "AWS::StackId"
                        }
                    },
                    {
                        "Key": "Name",
                        "Value": "workspaces-PriSubnet1a"
                    }
                ],
                "VpcId": {
                    "Ref": "VPC"
                }
            },
            "Type": "AWS::EC2::Subnet"
        },
        "PriSubnet1b": {
            "Properties": {
                "AvailabilityZone": {
                    "Fn::Sub": "${AWS::Region}b"
                },
                "CidrBlock": {
                    "Ref": "PriSubnetB"
                },
                "Tags": [
                    {
                        "Key": "Application",
                        "Value": {
                            "Ref": "AWS::StackId"
                        }
                    },
                    {
                        "Key": "Name",
                        "Value": "workspaces-PriSubnet1b"
                    }
                ],
                "VpcId": {
                    "Ref": "VPC"
                }
            },
            "Type": "AWS::EC2::Subnet"
        },
        "PrivateRouteTablePriSubnet1a": {
            "Properties": {
                "Tags": [
                    {
                        "Key": "Application",
                        "Value": {
                            "Ref": "AWS::StackId"
                        }
                    },
                    {
                        "Key": "Name",
                        "Value": "workspaces-PrivateRouteTablePriSubnet1a"
                    }
                ],
                "VpcId": {
                    "Ref": "VPC"
                }
            },
            "Type": "AWS::EC2::RouteTable"
        },
        "PrivateRouteTablePriSubnet1b": {
            "Properties": {
                "Tags": [
                    {
                        "Key": "Application",
                        "Value": {
                            "Ref": "AWS::StackId"
                        }
                    },
                    {
                        "Key": "Name",
                        "Value": "workspaces-PrivateRouteTablePriSubnet1b"
                    }
                ],
                "VpcId": {
                    "Ref": "VPC"
                }
            },
            "Type": "AWS::EC2::RouteTable"
        },
        "PubSubnetNATa": {
            "Properties": {
                "AvailabilityZone": {
                    "Fn::Sub": "${AWS::Region}a"
                },
                "CidrBlock": {
                    "Ref": "PubSubnetA"
                },
                "Tags": [
                    {
                        "Key": "Application",
                        "Value": {
                            "Ref": "AWS::StackId"
                        }
                    },
                    {
                        "Key": "Name",
                        "Value": "workspaces-PubSubnetNATa"
                    }
                ],
                "VpcId": {
                    "Ref": "VPC"
                }
            },
            "Type": "AWS::EC2::Subnet"
        },
        "PubSubnetNATb": {
            "Properties": {
                "AvailabilityZone": {
                    "Fn::Sub": "${AWS::Region}b"
                },
                "CidrBlock": {
                    "Ref": "PubSubnetB"
                },
                "Tags": [
                    {
                        "Key": "Application",
                        "Value": {
                            "Ref": "AWS::StackId"
                        }
                    },
                    {
                        "Key": "Name",
                        "Value": "workspaces-PubSubnetNATb"
                    }
                ],
                "VpcId": {
                    "Ref": "VPC"
                }
            },
            "Type": "AWS::EC2::Subnet"
        },
        "Route": {
            "DependsOn": "AttachGateway",
            "Properties": {
                "DestinationCidrBlock": "0.0.0.0/0",
                "GatewayId": {
                    "Ref": "InternetGateway"
                },
                "RouteTableId": {
                    "Ref": "MainRouteTable"
                }
            },
            "Type": "AWS::EC2::Route"
        },
        "SubnetRouteTableAssociationPriSubnet1a": {
            "Properties": {
                "RouteTableId": {
                    "Ref": "PrivateRouteTablePriSubnet1a"
                },
                "SubnetId": {
                    "Ref": "PriSubnet1a"
                }
            },
            "Type": "AWS::EC2::SubnetRouteTableAssociation"
        },
        "SubnetRouteTableAssociationPriSubnet1b": {
            "Properties": {
                "RouteTableId": {
                    "Ref": "PrivateRouteTablePriSubnet1b"
                },
                "SubnetId": {
                    "Ref": "PriSubnet1b"
                }
            },
            "Type": "AWS::EC2::SubnetRouteTableAssociation"
        },
        "SubnetRouteTableAssociationPubSubnetNATa": {
            "Properties": {
                "RouteTableId": {
                    "Ref": "MainRouteTable"
                },
                "SubnetId": {
                    "Ref": "PubSubnetNATa"
                }
            },
            "Type": "AWS::EC2::SubnetRouteTableAssociation"
        },
        "SubnetRouteTableAssociationPubSubnetNATb": {
            "Properties": {
                "RouteTableId": {
                    "Ref": "MainRouteTable"
                },
                "SubnetId": {
                    "Ref": "PubSubnetNATb"
                }
            },
            "Type": "AWS::EC2::SubnetRouteTableAssociation"
        },
        "VPC": {
            "Properties": {
                "CidrBlock": {
                    "Ref": "VPCCIDRBlock"
                },
                "Tags": [
                    {
                        "Key": "Application",
                        "Value": {
                            "Ref": "AWS::StackId"
                        }
                    },
                    {
                        "Key": "Name",
                        "Value": "workspaces-vpc"
                    }
                ]
            },
            "Type": "AWS::EC2::VPC"
        },
        "SimpleAD": {
            "Type": "AWS::DirectoryService::SimpleAD",
            "Properties": {
                "Name": {
                    "Ref": "ADName"
                },
                "Password": {
                    "Ref": "DirAdmninPass"
                },
                "Size": "Small",
                "VpcSettings": {
                    "SubnetIds": [
                        {
                            "Ref": "PriSubnet1a"
                        },
                        {
                            "Ref": "PriSubnet1b"
                        }
                    ],
                    "VpcId": {
                        "Ref": "VPC"
                    }
                }
            }
        }
    }
}