[
    {
      "ParameterKey": "ADName",
      "ParameterValue": "corp.crc-sandbox.com"
    },
    {
      "ParameterKey": "DirAdmninPass",
      "ParameterValue": "PASSWORD"
    },
    {
      "ParameterKey": "VPCCIDRBlock",
      "ParameterValue": "172.30.0.0/16"
    },
    {
      "ParameterKey": "PubSubnetA",
      "ParameterValue": "172.30.254.0/24"
    },
    {
      "ParameterKey": "PubSubnetB",
      "ParameterValue": "172.30.255.0/24"
    },
    {
      "ParameterKey": "PriSubnetA",
      "ParameterValue": "172.30.1.0/24"
    },
    {
      "ParameterKey": "PriSubnetB",
      "ParameterValue": "172.30.2.0/24"
    }
  ]